kermilion_,92655cd2-be20-3f4e-b2e7-f626b803914b
gumacuk,d5c8c126-0f31-36f4-8942-b3e75f68489e
kakasi565698,7cf0ff01-6d4f-34e4-bb15-face48845b01
td_exodus,3406cae1-1417-39f7-9a41-f4728344c2c3
solisluxclear,6b0d5527-8a37-395b-8040-ce6a69da875c
bobrdino226,9af264ce-a816-371b-aaff-758b91641fc7
the_end,fcc7eac9-ef04-304c-991a-80b275ebf9da
kermillion_,dd276aea-fe3b-3828-b2c3-cffa3460d4b8
kirill_ivnov23,a7bcb019-b19b-3dbb-816d-323ab7c7e56d
dictorik,476f0118-9f5b-359b-88b0-212015447448
lonis,7b57bdff-5c79-3c50-b472-cce8b188f887
agent_j5,cacea8bb-9240-332e-9c82-2a31c11c49c2
jailor,e412f719-3161-34ad-a914-5055577a201c
lalajob,6fe4cede-914e-3787-afa0-936a245c11f1
metuxan,5967d6e8-16c7-3e68-87ca-08abb0f0af5b
stelkard1,3de28cd0-d6bd-3014-8f86-e0fb10b3ac2d
artyr98123,29169c43-85f6-3a43-a76f-d150bcf0eb34
julipup,72964376-3fb8-3fc8-8c03-da9b5cabbd33
gamerdicebruh,2140b627-c549-3745-aaa6-feb075e622e0
edward_murphy,f40c6d48-4e81-34f5-8e90-30bdd0a568b2
justark12,780e970b-d203-3170-9246-2b104061dd08
metamorf2008,44a521b1-a1a8-3114-9610-d26cc8dad6c0
sherhantop1,515f4a76-4985-3c72-9ea9-b52bf0c9682d
td_exodus_i,fb418b6a-a16d-31a1-9f60-4222c8c91411
trjhy,e7ffaf0a-6d82-33ed-85f4-e3741f63add2
arthur_bakhvoy,5ce035dc-86ce-3a25-b160-995e33bfa1c8
aziz765,ed9f8244-2a0c-37ca-9c7a-adb826632b16
policeee1,41a43688-ee23-3a10-9c04-da4223263a91
vori1,c35b176e-f4f8-35db-b4d0-cd535b931e41
pahaza789,5aa7f7c4-2e9c-35ec-859d-e0c9cd6a4928
reina_haruki,2f4b145e-131e-31bf-9840-8cf34f55ef56
baklajan32165,415ea65b-bddd-38ee-bd9d-e9a4ba36b06a
jougam,36b5a02c-21d1-362d-bb95-01a1fca88965
freezeqteam,0f03e197-d850-34d3-af63-5531ac1bd8cc
sansel,6ff3fa44-ec00-306a-94f3-fdda98655c57
gosagoar1,f5cebee1-9c7c-3ea6-8f10-cfd698accfdc
kermillion,32c5f9ab-b19c-3ef7-ae13-0611ee3364c1
terorie,27afa972-c0d7-332d-9338-ea2343f177e9
ackap124,818e0eb3-8093-3f4d-b424-2168ad53c75d
hilopa,3f9fc47f-5908-33b6-93f1-ee811204cf96
nazzy_5105,70316109-0dba-3aba-8bc2-d3cd15830f64
zephure,12cae0b7-3aee-3631-aa23-50adf8b11133
joparo2,e7508e63-8cb9-371e-b1ed-9811a210ef68
klil228,90268792-f37a-3c64-bd18-7c99b41e953a
xxxxk1llerxxxx,596b5611-ef5f-3d76-9542-c87fce25a794
themuroslav,91c56585-9be2-34ed-8368-76f4f499373b
vori_1,febf6fe1-ebed-37f2-ae5f-d3a2d6ecef50
gadensh,1dbf2350-11bb-3f3b-b80f-cd76bb3b4795
zvz123,afc4b6d4-c671-3474-ad4c-c8afb657477d
_demon_diver,a56bc22a-145c-3c4c-bdaf-3aef0f16d493
sim0i,40cb4bd3-ebef-343d-8cff-c1a947ba5514
serorito,90a328de-5cf9-326e-9db6-17fc58b01c0a
mohctpik54,130fb4c6-6b6b-3d08-9f8b-8dee1a521378
dazai_osamu_ash,6256352e-eac6-35ee-a26f-39eaf07d9752
_kinex_,79456901-6c10-3bdf-a1ac-adc85258e7f9
martinpetkoff,1253fda7-0400-3b6d-8a10-5867bbb7c2b8
lokirinos_12,146f9020-1d9f-35bc-a271-e5ab3cdc82ba
maist78,8a6dccdf-f2b6-335c-a01c-8f6a24167c05
kan_offical,5426d4eb-468f-3bb4-a521-3ad4e38dda2f
xxxk1llerxxxx,9c776919-28ba-3369-a809-8e337dbba891
landgraft2,d0d1e8fe-5387-33a7-b600-1988f22c61c3
doc_pelin,87736014-266a-3af7-a129-cadc9c9899ea
nik_simin,8c4e84c1-39ed-30e1-9941-a03ce2e2a6be
waind,0c11d5d2-5174-3979-88ee-0ff7afc59e8e
wruneksus,6fb97043-9837-391b-b0fb-7d6da408def1
slaymerdog,6ad9d19d-792d-3cc5-93ca-eb25221b8d82
reeezon,4b9b5cca-87c8-3d95-bdfa-38985f638b3e
kingsm1nd,a22ed95c-8c60-3066-ad75-21f064e0ae03
andreisans,03716cfd-2255-3759-ab11-7d2f6dde80bc
herobrin22898,c91f8015-8ac7-322d-ad3f-a5c24bbe68d6
ryomenrus,571d4336-a493-32c6-a8e2-35a9f5773236
gosagoar,1832e5d0-1683-384e-832c-b79c99fd3415
